-- ─────────────────────────────────────────────
-- PiiPharma Seed Data (dev/demo only)
-- Admin login: admin@piipharma.com / admin123
-- ─────────────────────────────────────────────

-- Admin user (password: admin123)
insert into admins (id, email, password_hash) values
  ('00000000-0000-0000-0000-000000000001', 'admin@piipharma.com',
   '$2b$10$3N/2jR5bODDbfAskivF7COynF2aNKcA/e7oHb1oMtm7yEWGFOE6XG')
on conflict (email) do nothing;

-- ─────────────────────────────────────────────
-- Products
-- ─────────────────────────────────────────────
insert into products (id, name, coupons_required, cashback_amount, active) values
  ('10000000-0000-0000-0000-000000000001', 'PiiCure 500mg',    5,  50,  true),
  ('10000000-0000-0000-0000-000000000002', 'PiiRelief Syrup',  3,  30,  true),
  ('10000000-0000-0000-0000-000000000003', 'PiiShield Tablets',10, 100, true),
  ('10000000-0000-0000-0000-000000000004', 'PiiCalm Drops',    4,  40,  true),
  ('10000000-0000-0000-0000-000000000005', 'PiiVita Capsules',  2,  20,  true),
  ('10000000-0000-0000-0000-000000000006', 'PiiBoost Sachets',  6,  60,  true);

-- ─────────────────────────────────────────────
-- Retailers
-- ─────────────────────────────────────────────
insert into retailers (id, mobile, name, city, state, upi_id, created_at) values
  ('20000000-0000-0000-0000-000000000001', '9876543210', 'Sharma Medical Store',   'Mumbai',    'Maharashtra', 'sharma.medical@upi',  now() - interval '30 days'),
  ('20000000-0000-0000-0000-000000000002', '9876543211', 'Patel Pharma',           'Ahmedabad', 'Gujarat',     'patelpharma@upi',     now() - interval '25 days'),
  ('20000000-0000-0000-0000-000000000003', '9876543212', 'Gupta Drug House',       'Delhi',     'Delhi',       'gupta.drugs@upi',     now() - interval '20 days'),
  ('20000000-0000-0000-0000-000000000004', '9876543213', 'Singh Medicals',         'Chandigarh','Punjab',      'singhmed@upi',        now() - interval '18 days'),
  ('20000000-0000-0000-0000-000000000005', '9876543214', 'Verma Health Care',      'Jaipur',    'Rajasthan',   'vermahealth@upi',     now() - interval '15 days'),
  ('20000000-0000-0000-0000-000000000006', '9876543215', 'Khan Medical Centre',    'Hyderabad', 'Telangana',   'khanmedical@upi',     now() - interval '12 days'),
  ('20000000-0000-0000-0000-000000000007', '9876543216', 'Reddy Pharma Stores',    'Bangalore', 'Karnataka',   'reddypharma@upi',     now() - interval '10 days'),
  ('20000000-0000-0000-0000-000000000008', '9876543217', 'Joshi Chemist',          'Pune',      'Maharashtra', 'joshichemist@upi',    now() - interval '7 days'),
  ('20000000-0000-0000-0000-000000000009', '9876543218', 'Mehta Medicines',        'Surat',     'Gujarat',     'mehtamed@upi',        now() - interval '5 days'),
  ('20000000-0000-0000-0000-000000000010', '9876543219', 'Agarwal Drug Store',     'Lucknow',   'Uttar Pradesh','agarwaldrug@upi',   now() - interval '3 days');

-- ─────────────────────────────────────────────
-- Claims — various statuses for a realistic admin view
-- ─────────────────────────────────────────────
insert into claims (id, retailer_id, product_id, photo_url, status, rejection_reason, approved_at, paid_at, created_at) values
  -- Pending claims (admin queue)
  ('30000000-0000-0000-0000-000000000001', '20000000-0000-0000-0000-000000000001', '10000000-0000-0000-0000-000000000001',
   'https://placehold.co/400x300/e8f5e9/2e7d32?text=Coupon+Photo', 'pending', null, null, null, now() - interval '2 hours'),

  ('30000000-0000-0000-0000-000000000002', '20000000-0000-0000-0000-000000000002', '10000000-0000-0000-0000-000000000003',
   'https://placehold.co/400x300/e3f2fd/1565c0?text=Coupon+Photo', 'pending', null, null, null, now() - interval '4 hours'),

  ('30000000-0000-0000-0000-000000000003', '20000000-0000-0000-0000-000000000003', '10000000-0000-0000-0000-000000000002',
   'https://placehold.co/400x300/fff3e0/e65100?text=Coupon+Photo', 'pending', null, null, null, now() - interval '6 hours'),

  ('30000000-0000-0000-0000-000000000004', '20000000-0000-0000-0000-000000000004', '10000000-0000-0000-0000-000000000005',
   'https://placehold.co/400x300/fce4ec/880e4f?text=Coupon+Photo', 'pending', null, null, null, now() - interval '8 hours'),

  ('30000000-0000-0000-0000-000000000005', '20000000-0000-0000-0000-000000000005', '10000000-0000-0000-0000-000000000006',
   'https://placehold.co/400x300/f3e5f5/6a1b9a?text=Coupon+Photo', 'pending', null, null, null, now() - interval '1 day'),

  -- Approved claims (ready for payout export)
  ('30000000-0000-0000-0000-000000000006', '20000000-0000-0000-0000-000000000006', '10000000-0000-0000-0000-000000000001',
   'https://placehold.co/400x300/e8f5e9/2e7d32?text=Coupon+Photo', 'approved', null, now() - interval '2 days', null, now() - interval '3 days'),

  ('30000000-0000-0000-0000-000000000007', '20000000-0000-0000-0000-000000000007', '10000000-0000-0000-0000-000000000004',
   'https://placehold.co/400x300/e3f2fd/1565c0?text=Coupon+Photo', 'approved', null, now() - interval '3 days', null, now() - interval '4 days'),

  ('30000000-0000-0000-0000-000000000008', '20000000-0000-0000-0000-000000000008', '10000000-0000-0000-0000-000000000003',
   'https://placehold.co/400x300/fff3e0/e65100?text=Coupon+Photo', 'approved', null, now() - interval '1 day', null, now() - interval '5 days'),

  -- Rejected claims
  ('30000000-0000-0000-0000-000000000009', '20000000-0000-0000-0000-000000000009', '10000000-0000-0000-0000-000000000002',
   'https://placehold.co/400x300/fce4ec/880e4f?text=Coupon+Photo', 'rejected', 'Photo is blurry, coupon serial not visible', null, null, now() - interval '6 days'),

  ('30000000-0000-0000-0000-000000000010', '20000000-0000-0000-0000-000000000010', '10000000-0000-0000-0000-000000000005',
   'https://placehold.co/400x300/f3e5f5/6a1b9a?text=Coupon+Photo', 'rejected', 'Duplicate coupon serial number detected', null, null, now() - interval '7 days'),

  -- Paid claims
  ('30000000-0000-0000-0000-000000000011', '20000000-0000-0000-0000-000000000001', '10000000-0000-0000-0000-000000000006',
   'https://placehold.co/400x300/e8f5e9/2e7d32?text=Coupon+Photo', 'paid', null, now() - interval '10 days', now() - interval '8 days', now() - interval '12 days'),

  ('30000000-0000-0000-0000-000000000012', '20000000-0000-0000-0000-000000000002', '10000000-0000-0000-0000-000000000001',
   'https://placehold.co/400x300/e3f2fd/1565c0?text=Coupon+Photo', 'paid', null, now() - interval '14 days', now() - interval '11 days', now() - interval '15 days');

-- ─────────────────────────────────────────────
-- Serial numbers for each claim
-- ─────────────────────────────────────────────
insert into serial_numbers (serial, claim_id, product_id) values
  ('SN-PIICURE-001', '30000000-0000-0000-0000-000000000001', '10000000-0000-0000-0000-000000000001'),
  ('SN-PIICURE-002', '30000000-0000-0000-0000-000000000001', '10000000-0000-0000-0000-000000000001'),
  ('SN-PIICURE-003', '30000000-0000-0000-0000-000000000001', '10000000-0000-0000-0000-000000000001'),
  ('SN-PIICURE-004', '30000000-0000-0000-0000-000000000001', '10000000-0000-0000-0000-000000000001'),
  ('SN-PIICURE-005', '30000000-0000-0000-0000-000000000001', '10000000-0000-0000-0000-000000000001'),
  ('SN-PIISHIELD-001', '30000000-0000-0000-0000-000000000002', '10000000-0000-0000-0000-000000000003'),
  ('SN-PIISHIELD-002', '30000000-0000-0000-0000-000000000002', '10000000-0000-0000-0000-000000000003'),
  ('SN-PIISHIELD-003', '30000000-0000-0000-0000-000000000002', '10000000-0000-0000-0000-000000000003'),
  ('SN-PIISHIELD-004', '30000000-0000-0000-0000-000000000002', '10000000-0000-0000-0000-000000000003'),
  ('SN-PIISHIELD-005', '30000000-0000-0000-0000-000000000002', '10000000-0000-0000-0000-000000000003'),
  ('SN-PIISHIELD-006', '30000000-0000-0000-0000-000000000002', '10000000-0000-0000-0000-000000000003'),
  ('SN-PIISHIELD-007', '30000000-0000-0000-0000-000000000002', '10000000-0000-0000-0000-000000000003'),
  ('SN-PIISHIELD-008', '30000000-0000-0000-0000-000000000002', '10000000-0000-0000-0000-000000000003'),
  ('SN-PIISHIELD-009', '30000000-0000-0000-0000-000000000002', '10000000-0000-0000-0000-000000000003'),
  ('SN-PIISHIELD-010', '30000000-0000-0000-0000-000000000002', '10000000-0000-0000-0000-000000000003'),
  ('SN-PIIRELIEF-001', '30000000-0000-0000-0000-000000000003', '10000000-0000-0000-0000-000000000002'),
  ('SN-PIIRELIEF-002', '30000000-0000-0000-0000-000000000003', '10000000-0000-0000-0000-000000000002'),
  ('SN-PIIRELIEF-003', '30000000-0000-0000-0000-000000000003', '10000000-0000-0000-0000-000000000002'),
  ('SN-PIIVITA-001',   '30000000-0000-0000-0000-000000000004', '10000000-0000-0000-0000-000000000005'),
  ('SN-PIIVITA-002',   '30000000-0000-0000-0000-000000000004', '10000000-0000-0000-0000-000000000005'),
  ('SN-PIIBOOST-001',  '30000000-0000-0000-0000-000000000005', '10000000-0000-0000-0000-000000000006'),
  ('SN-PIIBOOST-002',  '30000000-0000-0000-0000-000000000005', '10000000-0000-0000-0000-000000000006'),
  ('SN-PIIBOOST-003',  '30000000-0000-0000-0000-000000000005', '10000000-0000-0000-0000-000000000006'),
  ('SN-PIIBOOST-004',  '30000000-0000-0000-0000-000000000005', '10000000-0000-0000-0000-000000000006'),
  ('SN-PIIBOOST-005',  '30000000-0000-0000-0000-000000000005', '10000000-0000-0000-0000-000000000006'),
  ('SN-PIIBOOST-006',  '30000000-0000-0000-0000-000000000005', '10000000-0000-0000-0000-000000000006'),
  ('SN-PIICURE-A01',   '30000000-0000-0000-0000-000000000006', '10000000-0000-0000-0000-000000000001'),
  ('SN-PIICURE-A02',   '30000000-0000-0000-0000-000000000006', '10000000-0000-0000-0000-000000000001'),
  ('SN-PIICURE-A03',   '30000000-0000-0000-0000-000000000006', '10000000-0000-0000-0000-000000000001'),
  ('SN-PIICURE-A04',   '30000000-0000-0000-0000-000000000006', '10000000-0000-0000-0000-000000000001'),
  ('SN-PIICURE-A05',   '30000000-0000-0000-0000-000000000006', '10000000-0000-0000-0000-000000000001'),
  ('SN-PIICALM-001',   '30000000-0000-0000-0000-000000000007', '10000000-0000-0000-0000-000000000004'),
  ('SN-PIICALM-002',   '30000000-0000-0000-0000-000000000007', '10000000-0000-0000-0000-000000000004'),
  ('SN-PIICALM-003',   '30000000-0000-0000-0000-000000000007', '10000000-0000-0000-0000-000000000004'),
  ('SN-PIICALM-004',   '30000000-0000-0000-0000-000000000007', '10000000-0000-0000-0000-000000000004'),
  ('SN-PIISHLD-A01',   '30000000-0000-0000-0000-000000000008', '10000000-0000-0000-0000-000000000003'),
  ('SN-PIISHLD-A02',   '30000000-0000-0000-0000-000000000008', '10000000-0000-0000-0000-000000000003'),
  ('SN-PIISHLD-A03',   '30000000-0000-0000-0000-000000000008', '10000000-0000-0000-0000-000000000003'),
  ('SN-PIIREL-B01',    '30000000-0000-0000-0000-000000000009', '10000000-0000-0000-0000-000000000002'),
  ('SN-PIIREL-B02',    '30000000-0000-0000-0000-000000000009', '10000000-0000-0000-0000-000000000002'),
  ('SN-PIIREL-B03',    '30000000-0000-0000-0000-000000000009', '10000000-0000-0000-0000-000000000002'),
  ('SN-PIIVIT-B01',    '30000000-0000-0000-0000-000000000010', '10000000-0000-0000-0000-000000000005'),
  ('SN-PIIVIT-B02',    '30000000-0000-0000-0000-000000000010', '10000000-0000-0000-0000-000000000005'),
  ('SN-PIIBOOST-P01',  '30000000-0000-0000-0000-000000000011', '10000000-0000-0000-0000-000000000006'),
  ('SN-PIIBOOST-P02',  '30000000-0000-0000-0000-000000000011', '10000000-0000-0000-0000-000000000006'),
  ('SN-PIIBOOST-P03',  '30000000-0000-0000-0000-000000000011', '10000000-0000-0000-0000-000000000006'),
  ('SN-PIIBOOST-P04',  '30000000-0000-0000-0000-000000000011', '10000000-0000-0000-0000-000000000006'),
  ('SN-PIIBOOST-P05',  '30000000-0000-0000-0000-000000000011', '10000000-0000-0000-0000-000000000006'),
  ('SN-PIIBOOST-P06',  '30000000-0000-0000-0000-000000000011', '10000000-0000-0000-0000-000000000006'),
  ('SN-PIICURE-P01',   '30000000-0000-0000-0000-000000000012', '10000000-0000-0000-0000-000000000001'),
  ('SN-PIICURE-P02',   '30000000-0000-0000-0000-000000000012', '10000000-0000-0000-0000-000000000001'),
  ('SN-PIICURE-P03',   '30000000-0000-0000-0000-000000000012', '10000000-0000-0000-0000-000000000001'),
  ('SN-PIICURE-P04',   '30000000-0000-0000-0000-000000000012', '10000000-0000-0000-0000-000000000001'),
  ('SN-PIICURE-P05',   '30000000-0000-0000-0000-000000000012', '10000000-0000-0000-0000-000000000001');
